名前,住所,生年月日,部署
田中 さゆり,青森県川崎市幸区月島1丁目23番3号 土沢パレス336,1987-03-06,経理部
福田 里佳,香川県三鷹市松が谷30丁目18番20号 シティ西神田369,1992-12-20,システム部
後藤 結衣,岐阜県大田区秋葉原39丁目16番9号 大中コート664,1965-01-29,営業部
山本 充,沖縄県三鷹市上吉羽5丁目12番4号 戸塚町ハイツ665,1957-01-08,総務部
藤田 智也,沖縄県富里市所野35丁目8番3号,1919-04-12,システム部
山口 桃子,福岡県君津市虎ノ門虎ノ門ヒルズ森タワー30丁目26番1号 ハイツ睦555,1920-09-15,総務部
木村 京助,石川県品川区西関宿39丁目1番13号,1998-12-14,経理部
長谷川 聡太郎,大阪府足立区今戸5丁目23番17号 アーバン神明内910,1936-04-02,営業部
森 桃子,栃木県調布市平須賀39丁目16番10号 猿楽町アーバン007,2010-10-26,営業部
太田 裕美子,兵庫県八千代市南赤田42丁目8番1号,1971-03-13,営業部
山口 裕樹,神奈川県印旛郡栄町山中新田7丁目13番20号 ハイツ筑土八幡町580,1955-04-28,総務部
小川 幹,滋賀県山武郡芝山町月島21丁目8番17号 東和町パレス569,2021-11-29,営業部
小林 修平,福井県長生郡長生村高田馬場33丁目9番17号,1958-12-18,営業部
斎藤 亮介,福井県横浜市南区上広谷11丁目2番1号 パレス竜泉710,1943-03-22,営業部
伊藤 修平,秋田県千代田区氏家新田8丁目13番12号 東大和町パレス706,1983-04-29,総務部
中村 学,新潟県長生郡長生村油井5丁目23番8号 四区町クレスト425,1916-08-03,経理部
松本 浩,岩手県袖ケ浦市三ノ輪40丁目1番11号,2014-10-12,システム部
加藤 京助,長野県川崎市中原区細野40丁目4番5号,1973-08-01,総務部
中村 京助,鹿児島県印旛郡印旛村月島9丁目8番11号 ハイツ吾妻橋613,1929-02-10,経理部
木村 健一,和歌山県富津市花川戸10丁目24番8号 アーバン明石町105,1915-01-07,営業部
田中 篤司,富山県国分寺市外神田17丁目24番20号,1971-04-16,経理部
後藤 修平,熊本県川崎市高津区三筋10丁目9番7号,1934-08-28,総務部
藤原 聡太郎,北海道長生郡睦沢町湯宮11丁目13番3号,1953-03-11,システム部
小林 陽一,宮崎県東久留米市羽折町9丁目15番13号 ハイツ平河町371,2002-09-25,経理部
吉田 陽一,京都府杉並区白金9丁目15番9号,2017-11-13,営業部
小林 健一,愛媛県横浜市神奈川区蟇沼19丁目15番3号,1985-04-20,総務部
小川 裕太,香川県練馬区上吉羽31丁目27番11号 豊町ハイツ618,1977-05-30,総務部
山口 康弘,福井県長生郡長生村九段南25丁目18番6号,1923-08-04,総務部
佐藤 春香,宮崎県杉並区高田馬場31丁目1番10号 パレス高田馬場225,1911-02-19,経理部
加藤 裕樹,青森県夷隅郡大多喜町箭坪17丁目21番13号 コート長畑445,1915-03-27,営業部
前田 稔,徳島県新宿区土沢40丁目27番17号 パレス独鈷沢340,2010-03-04,営業部
渡辺 香織,大阪府稲城市長畑5丁目12番18号,2004-03-17,経理部
山田 健一,岩手県匝瑳市小入9丁目22番11号 パーク前弥六954,1955-04-21,経理部
松田 知実,和歌山県青ヶ島村上高野39丁目20番10号 アーバン方京567,1934-06-12,営業部
渡辺 さゆり,群馬県江東区西関宿11丁目7番2号,1958-04-27,総務部
山本 千代,静岡県横浜市瀬谷区氏家39丁目26番12号,1931-10-18,総務部
渡辺 裕美子,千葉県北区幸手33丁目27番19号 アーバン六番町031,1945-06-24,営業部
福田 涼平,秋田県川崎市幸区西関宿2丁目9番13号,1919-07-03,総務部
佐藤 治,富山県印西市脚折町24丁目22番13号 コーポ橋場799,1932-02-14,総務部
高橋 学,神奈川県江東区虎ノ門37丁目14番9号 柿木沢新田クレスト801,2004-01-02,総務部
橋本 さゆり,奈良県横浜市旭区柿木沢10丁目19番11号,1934-04-28,営業部
渡辺 淳,京都府神津島村前弥六37丁目19番2号,2005-02-03,総務部
青木 篤司,栃木県八王子市猿楽町2丁目17番11号 脚折町パレス078,2010-08-01,システム部
阿部 学,静岡県横浜市旭区浅草28丁目1番8号 元浅草パーク546,1965-09-22,経理部
田中 陽子,岩手県清瀬市大中32丁目22番10号 コーポ丸の内ＪＰタワー805,1930-03-17,営業部
吉田 美加子,埼玉県三宅島三宅村雷門8丁目25番13号 コート西浅草919,1953-09-02,営業部
後藤 晃,宮城県府中市権現堂15丁目27番14号 シティ高輪159,1980-11-09,経理部
村上 翼,京都府板橋区九段南32丁目6番11号 ハイツ氏家414,1999-09-18,経理部
藤田 陽一,山口県川崎市宮前区白金台15丁目8番14号,2005-05-25,総務部
中村 裕美子,佐賀県目黒区中鉢石町30丁目6番15号 パレス富久町434,1943-07-07,総務部
山本 治,神奈川県袖ケ浦市猿楽町41丁目27番20号 パレス高田馬場830,1936-12-29,総務部
加藤 充,千葉県武蔵野市小入20丁目15番8号 シティ丸の内437,1969-03-13,営業部
山田 晃,大阪府長生郡長南町藤金2丁目19番9号 橋場シティ474,1907-07-05,経理部
山本 真綾,沖縄県狛江市一ツ橋37丁目18番3号 芝大門コーポ918,1911-08-10,総務部
橋本 京助,岡山県山武郡横芝光町戸山27丁目10番1号 シティ所野539,1943-06-25,システム部
木村 健一,福島県西多摩郡檜原村睦12丁目25番13号 パレス東三島983,1986-07-25,システム部
清水 花子,茨城県八街市京橋25丁目17番18号 シティ東上野177,1960-03-09,システム部
山本 あすか,宮崎県利島村轟38丁目14番4号 今戸ハイツ350,2009-12-13,営業部
岡本 洋介,東京都国分寺市轟20丁目11番5号 クレスト氏家548,1912-09-18,経理部
斎藤 花子,岡山県横浜市西区東浅草36丁目3番16号 西神田ハイツ769,2002-07-27,経理部
中村 智也,鳥取県昭島市太田ヶ谷31丁目17番9号,1961-03-14,経理部
林 陽一,栃木県横浜市戸塚区方京23丁目4番17号 コーポ外国府間941,1994-08-06,総務部
斎藤 京助,福島県横浜市南区鶴ヶ丘4丁目14番19号,2018-02-15,総務部
池田 零,岩手県横浜市栄区富久町14丁目13番7号,2011-01-19,営業部
山田 治,富山県香取郡東庄町日光26丁目7番10号 方京パレス869,1910-07-01,総務部
中村 直子,青森県八王子市戸塚町22丁目18番11号 下宇和田コーポ774,1980-04-21,総務部
橋本 充,石川県青ヶ島村柿木沢新田13丁目8番17号 細野パレス628,2020-09-26,システム部
橋本 翔太,兵庫県練馬区明石町31丁目20番6号 富久町ハイツ048,2016-03-29,総務部
佐藤 幹,愛媛県東久留米市芝浦32丁目18番18号 コーポ長間644,1936-10-10,営業部
高橋 くみ子,新潟県渋谷区二つ室24丁目8番6号,2007-06-27,システム部
福田 美加子,佐賀県君津市太田ヶ谷18丁目20番11号,1962-06-26,総務部
佐々木 聡太郎,岐阜県世田谷区神明内2丁目1番16号 ハイツ権現堂335,2012-10-19,営業部
井上 英樹,長崎県横浜市磯子区豊町21丁目20番4号 パレス上野公園412,1926-11-14,営業部
三浦 太一,岡山県川崎市幸区独鈷沢29丁目10番14号 シティ東和町943,2016-08-05,総務部
小林 裕美子,茨城県横浜市瀬谷区独鈷沢1丁目7番15号,1958-11-19,総務部
太田 涼平,長崎県小金井市戸島24丁目24番17号 細野パレス161,2015-01-13,システム部
西村 聡太郎,熊本県印旛郡本埜村京橋37丁目12番9号 コーポ羽折町084,1964-10-07,営業部
加藤 裕樹,岩手県横浜市都筑区松浦町10丁目13番2号 箪笥町パレス037,1958-09-29,営業部
岡田 裕樹,愛知県江東区湯宮15丁目19番8号,2005-09-03,営業部
佐々木 桃子,新潟県香取郡神崎町横林41丁目19番16号 パーク前弥六南町340,1908-01-24,総務部
福田 知実,和歌山県中央区脚折34丁目22番12号,1936-10-04,総務部
清水 春香,徳島県鴨川市権現堂8丁目16番4号,1968-12-30,総務部
佐々木 晃,石川県袖ケ浦市権現堂26丁目7番10号 富久町パーク970,1986-02-08,経理部
池田 京助,岡山県神津島村東三島14丁目4番20号,1978-02-20,システム部
佐々木 亮介,宮城県川崎市高津区松が谷29丁目9番4号,1987-03-27,経理部
山田 明美,千葉県川崎市中原区氏家新田20丁目13番13号,1911-04-25,営業部
太田 学,宮崎県墨田区西関宿11丁目10番18号 コーポ前弥六910,1977-05-09,総務部
小川 康弘,香川県我孫子市高田馬場5丁目6番9号 アーバン西関宿873,1987-12-08,システム部
坂本 直子,千葉県いすみ市津久戸町35丁目18番16号 京橋パーク455,1947-07-30,総務部
小林 聡太郎,奈良県山武市台場3丁目13番3号,1973-11-17,総務部
山下 美加子,長崎県東大和市芝浦23丁目9番7号 シティ羽折町748,2011-11-08,経理部
橋本 拓真,京都府東村山市箭坪1丁目26番14号 上高野シャルム224,1948-02-09,営業部
佐藤 美加子,山梨県香取郡東庄町前弥六南町22丁目16番15号 横林アーバン832,1918-10-17,経理部
坂本 浩,宮崎県川崎市川崎区箭坪4丁目11番14号 パレス竜泉364,1986-08-24,システム部
近藤 英樹,岩手県板橋区渡辺22丁目26番2号,1939-08-24,総務部
高橋 健一,鹿児島県西東京市外神田27丁目21番4号 コート猿楽町606,1933-06-06,営業部
山崎 七夏,福井県長生郡長生村上吉羽42丁目11番16号,1962-10-24,総務部
藤井 健一,神奈川県武蔵村山市鶴ヶ丘12丁目15番15号 明石町シャルム340,1963-11-23,経理部
長谷川 明美,徳島県国立市湯宮20丁目1番6号 二つ室シティ097,1927-08-22,システム部
三浦 春香,広島県世田谷区小入22丁目16番14号 平河町シャルム257,1938-06-15,営業部
